"MOL_NUM","APPOS_POINT","BOX_SIZE","TOTAL_DIST","AVG_DIST","INTER_NUM","TOTAL_INTER","AVG_INTER","MAX_INTER","EMPTY_CELLS_NUM","ITER_NUM","ES_ITER_NUM","PS_ITER_NUM","FP_PS_ITER_NUM",
"128", "(-2.925981, -2.918627, -3.143059)", "14.9837x16.3732x14.9837", "62664.6", "1.69126", "4732", "2023.35", "0.427588", "1.20682", "97", "50", "17", "33", "15",
"105", "(-3.048403, -3.229257, -3.058722)", "15.6785x14.8724x15.6785", "79544.8", "1.92565", "4034", "1391.16", "0.344858", "1.07842", "82", "47", "13", "34", "11",
"26", "(-4.740199, -4.891895, -4.055272)", "16.9418x17.463x16.9418", "8285.13", "2.04369", "447", "172.971", "0.386959", "0.99871", "62", "51", "11", "40", "9",
"61", "(-3.504936, -3.029088, -3.353492)", "15.5537x16.0643x15.5537", "89956.8", "2.21645", "3463", "1413.5", "0.408171", "1.25704", "41", "52", "12", "40", "10",
"46", "(-3.576078, -3.213635, -2.927744)", "16.6752x17.2765x16.6752", "86624", "2.09759", "4512", "2575.95", "0.570912", "1.85588", "52", "41", "10", "31", "8",
